customerID,gender,SeniorCitizen,tenure,PhoneService,InternetService,MonthlyCharges,TotalCharges,Churn
CUST00001,Female,0,14,No,Fiber optic,49.18,582.65,Yes
CUST00002,Male,0,24,No,Fiber optic,33.11,773.58,No
CUST00003,Male,0,31,No,Fiber optic,99.98,2834.8,No
CUST00004,Male,0,6,Yes,No,82.66,515.74,Yes
CUST00005,Male,0,48,No,Fiber optic,98.21,4901.58,No
CUST00006,Male,0,18,No,DSL,62.29,1045.39,No
CUST00007,Female,0,9,Yes,Fiber optic,71.79,570.62,No
CUST00008,Female,0,10,Yes,Fiber optic,65.71,667.19,No
CUST00009,Female,0,18,No,Fiber optic,60.31,935.7,No
CUST00010,Male,0,40,Yes,No,67.95,2330.66,No
CUST00011,Male,0,7,No,Fiber optic,102.18,706.03,No
CUST00012,Male,1,37,No,Fiber optic,75.34,3080.43,No
CUST00013,Female,1,2,No,Fiber optic,107.57,218.65,Yes
CUST00014,Male,0,9,No,DSL,100.34,943.46,No
CUST00015,Male,0,8,Yes,Fiber optic,101.74,770.18,No
CUST00016,Male,0,61,No,DSL,58.47,3552.02,No
CUST00017,Female,0,47,No,DSL,79.0,4108.16,No
CUST00018,Male,1,63,Yes,Fiber optic,26.7,1450.73,Yes
CUST00019,Male,0,2,No,Fiber optic,69.04,138.25,No
CUST00020,Female,0,67,Yes,Fiber optic,97.39,6907.52,Yes
CUST00021,Female,0,1,Yes,Fiber optic,106.7,97.77,No
CUST00022,Female,1,8,Yes,No,66.32,486.35,No
CUST00023,Female,1,34,Yes,DSL,49.64,1435.95,Yes
CUST00024,Female,1,23,Yes,Fiber optic,23.98,687.05,Yes
CUST00025,Male,0,72,No,No,86.3,6814.24,No
CUST00026,Male,0,5,Yes,No,73.39,333.01,Yes
CUST00027,Female,0,5,No,No,91.7,427.79,Yes
CUST00028,Female,1,5,No,No,77.49,403.88,Yes
CUST00029,Male,0,40,No,No,65.75,2968.0,No
CUST00030,Male,0,55,No,Fiber optic,28.09,1775.48,No
CUST00031,Female,0,45,No,DSL,56.97,2676.12,No
CUST00032,Male,0,50,No,Fiber optic,59.59,3207.92,No
CUST00033,Male,0,45,Yes,Fiber optic,44.22,2310.27,No
CUST00034,Female,0,13,No,No,82.58,1149.27,No
CUST00035,Female,0,8,Yes,DSL,89.41,706.16,Yes
CUST00036,Female,0,3,Yes,No,69.08,224.08,No
CUST00037,Male,0,0,No,No,109.12,,Yes
CUST00038,Female,0,3,No,Fiber optic,64.2,206.18,No
CUST00039,Male,0,4,No,DSL,105.28,403.98,Yes
CUST00040,Male,1,3,No,Fiber optic,100.73,289.82,No
CUST00041,Male,0,23,No,DSL,33.59,576.32,No
CUST00042,Female,1,22,Yes,DSL,26.65,487.4,No
CUST00043,Female,1,24,Yes,DSL,65.56,1805.85,Yes
CUST00044,Female,0,17,Yes,DSL,21.88,351.54,No
CUST00045,Male,0,1,Yes,No,102.56,99.21,Yes
CUST00046,Male,0,0,Yes,No,103.6,,Yes
CUST00047,Male,0,53,Yes,No,74.59,3432.74,No
CUST00048,Male,0,9,No,DSL,73.51,574.58,Yes
CUST00049,Female,1,47,No,Fiber optic,43.95,1757.38,Yes
CUST00050,Male,0,4,Yes,DSL,77.09,268.8,Yes
CUST00051,Male,0,30,Yes,DSL,45.32,1353.88,No
CUST00052,Male,0,56,Yes,DSL,31.34,,No
CUST00053,Male,0,5,No,DSL,60.07,255.97,No
CUST00054,Female,0,45,No,No,83.31,,No
CUST00055,Male,0,0,Yes,DSL,63.01,,No
CUST00056,Female,0,7,No,Fiber optic,96.58,,Yes
CUST00057,Female,0,18,Yes,DSL,48.23,861.0,No
CUST00058,Male,0,2,No,DSL,96.11,199.18,No
CUST00059,Female,0,43,No,No,50.53,2563.71,No
CUST00060,Female,0,33,Yes,Fiber optic,91.8,2879.88,No
CUST00061,Female,0,63,Yes,Fiber optic,27.55,1120.22,No
CUST00062,Male,1,3,No,Fiber optic,92.27,275.8,Yes
CUST00063,Male,0,3,Yes,Fiber optic,84.43,263.54,Yes
CUST00064,Male,0,2,Yes,Fiber optic,83.43,169.83,No
CUST00065,Male,0,6,No,DSL,67.07,,No
CUST00066,Female,0,11,Yes,Fiber optic,63.41,803.64,No
CUST00067,Male,1,10,Yes,Fiber optic,94.18,877.19,Yes
CUST00068,Female,0,10,No,Fiber optic,72.64,747.8,No
CUST00069,Male,0,16,No,No,53.24,1002.11,No
CUST00070,Male,0,71,Yes,Fiber optic,83.67,5501.35,No
CUST00071,Male,0,6,No,Fiber optic,83.82,458.82,Yes
CUST00072,Female,1,9,Yes,Fiber optic,98.54,940.73,Yes
CUST00073,Female,0,4,No,DSL,106.09,392.9,No
CUST00074,Female,0,17,Yes,DSL,21.06,197.71,No
CUST00075,Female,0,1,No,DSL,107.28,114.77,No
CUST00076,Female,0,68,No,Fiber optic,28.79,1368.74,Yes
CUST00077,Male,1,11,Yes,DSL,109.31,1183.42,No
CUST00078,Male,0,14,Yes,No,39.03,537.56,No
CUST00079,Male,0,69,Yes,Fiber optic,63.91,4124.15,No
CUST00080,Female,1,27,Yes,Fiber optic,68.33,2065.61,No
CUST00081,Female,0,43,No,Fiber optic,47.68,2117.27,No
CUST00082,Male,0,70,Yes,No,89.79,6626.48,No
CUST00083,Male,0,18,Yes,DSL,65.92,1303.33,No
CUST00084,Female,0,12,No,No,98.21,1293.92,No
CUST00085,Female,0,2,Yes,DSL,89.09,176.02,Yes
CUST00086,Male,0,6,Yes,Fiber optic,109.11,650.19,Yes
CUST00087,Male,0,23,Yes,No,26.99,767.06,No
CUST00088,Female,0,42,No,DSL,41.04,1923.62,No
CUST00089,Female,0,0,Yes,Fiber optic,76.26,,Yes
CUST00090,Female,0,35,Yes,Fiber optic,58.77,,No
CUST00091,Male,0,23,No,DSL,94.72,2069.65,No
CUST00092,Male,0,12,Yes,No,97.56,1071.01,No
CUST00093,Female,0,63,No,DSL,99.08,6180.5,No
CUST00094,Male,0,4,No,No,109.07,454.7,Yes
CUST00095,Male,0,4,No,Fiber optic,88.1,332.05,Yes
CUST00096,Male,1,41,No,Fiber optic,67.72,2452.31,Yes
CUST00097,Female,0,36,No,DSL,39.1,1063.13,No
CUST00098,Male,0,9,Yes,Fiber optic,94.58,855.33,Yes
CUST00099,Male,0,57,No,Fiber optic,37.71,1667.95,Yes
CUST00100,Male,0,37,No,No,63.53,2570.7,No
CUST00101,Male,0,11,Yes,Fiber optic,68.58,732.22,No
CUST00102,Male,0,38,Yes,DSL,72.97,2680.02,No
CUST00103,Male,0,4,No,DSL,70.54,258.21,Yes
CUST00104,Male,0,37,Yes,DSL,62.67,1957.17,No
CUST00105,Male,1,7,No,DSL,79.08,516.6,No
CUST00106,Female,0,8,Yes,Fiber optic,94.65,757.53,Yes
CUST00107,Male,0,16,Yes,No,26.46,369.01,No
CUST00108,Male,1,32,No,No,72.26,2301.43,No
CUST00109,Female,0,15,No,No,74.1,1076.92,No
CUST00110,Female,0,2,Yes,DSL,89.18,192.63,Yes
CUST00111,Female,0,68,Yes,Fiber optic,60.68,3601.53,Yes
CUST00112,Female,0,57,Yes,DSL,45.47,3018.32,No
CUST00113,Female,0,61,No,DSL,53.29,3788.69,No
CUST00114,Male,0,9,No,DSL,77.04,764.34,Yes
CUST00115,Male,0,39,Yes,DSL,61.52,2709.68,No
CUST00116,Female,0,11,No,DSL,60.14,666.9,No
CUST00117,Male,1,0,No,DSL,62.48,,No
CUST00118,Female,0,60,Yes,Fiber optic,42.06,2908.6,No
CUST00119,Male,0,17,No,DSL,83.46,1294.24,No
CUST00120,Male,0,2,No,No,71.42,152.76,No
CUST00121,Female,0,3,No,DSL,93.97,255.44,Yes
CUST00122,Female,1,9,No,Fiber optic,76.59,629.88,No
CUST00123,Female,0,8,Yes,No,60.49,486.85,No
CUST00124,Male,0,3,Yes,Fiber optic,65.97,216.86,Yes
CUST00125,Male,0,18,Yes,DSL,96.59,1718.51,No
CUST00126,Male,0,23,Yes,Fiber optic,72.99,1498.79,No
CUST00127,Male,0,66,No,Fiber optic,42.65,3465.28,No
CUST00128,Male,1,30,No,DSL,84.09,2561.75,Yes
CUST00129,Male,0,12,Yes,DSL,81.34,889.86,No
CUST00130,Male,0,58,No,Fiber optic,58.43,3581.8,No
CUST00131,Female,0,4,Yes,DSL,62.81,283.31,No
CUST00132,Male,0,13,Yes,Fiber optic,63.14,824.81,Yes
CUST00133,Female,0,4,No,Fiber optic,62.73,269.15,Yes
CUST00134,Female,1,8,No,DSL,87.19,633.69,Yes
CUST00135,Male,0,70,No,DSL,55.61,4328.92,No
CUST00136,Male,0,28,No,Fiber optic,64.52,1536.26,Yes
CUST00137,Male,0,16,Yes,Fiber optic,45.51,709.25,No
CUST00138,Male,0,10,Yes,Fiber optic,62.05,570.35,Yes
CUST00139,Male,1,64,Yes,No,53.92,3219.32,Yes
CUST00140,Female,0,35,Yes,DSL,26.9,812.7,No
CUST00141,Male,1,5,No,No,66.6,295.47,No
CUST00142,Male,0,40,Yes,DSL,20.65,436.96,No
CUST00143,Female,0,12,No,DSL,78.46,996.06,No
CUST00144,Female,0,6,No,Fiber optic,98.33,,Yes
CUST00145,Male,1,8,Yes,Fiber optic,91.42,787.57,Yes
CUST00146,Male,0,72,No,Fiber optic,63.71,,Yes
CUST00147,Male,1,10,No,Fiber optic,87.41,851.16,No
CUST00148,Female,0,15,No,Fiber optic,94.3,1272.94,Yes
CUST00149,Male,0,61,No,Fiber optic,88.55,4871.71,No
CUST00150,Female,1,17,No,Fiber optic,53.57,913.54,No
CUST00151,Male,0,8,Yes,No,87.26,652.43,Yes
CUST00152,Male,0,65,No,Fiber optic,75.4,4575.41,No
CUST00153,Female,0,10,No,Fiber optic,72.09,625.78,No
CUST00154,Male,0,10,Yes,DSL,83.27,866.96,Yes
CUST00155,Male,0,24,Yes,No,91.54,2283.77,No
CUST00156,Female,0,57,Yes,DSL,91.49,5781.7,No
CUST00157,Male,0,1,Yes,No,79.1,79.84,Yes
CUST00158,Male,0,49,No,No,78.44,3732.21,No
CUST00159,Female,0,0,Yes,Fiber optic,81.35,,Yes
CUST00160,Female,0,7,No,No,96.21,719.18,No
CUST00161,Male,0,71,No,DSL,61.06,4655.09,No
CUST00162,Male,0,49,Yes,Fiber optic,85.33,4022.34,No
CUST00163,Female,0,37,No,DSL,44.0,1958.86,No
CUST00164,Female,0,4,Yes,No,69.72,259.89,No
CUST00165,Female,0,3,No,DSL,83.96,248.97,Yes
CUST00166,Female,0,30,Yes,Fiber optic,61.37,1986.74,Yes
CUST00167,Male,0,23,No,No,93.45,2372.4,No
CUST00168,Male,0,45,Yes,Fiber optic,80.16,3458.82,No
CUST00169,Female,0,51,No,Fiber optic,28.31,1258.13,No
CUST00170,Male,0,58,No,Fiber optic,68.19,3915.31,Yes
CUST00171,Male,1,0,Yes,Fiber optic,100.82,,No
CUST00172,Female,0,22,No,DSL,21.88,321.9,No
CUST00173,Male,0,66,Yes,Fiber optic,34.38,1651.74,No
CUST00174,Male,0,51,No,DSL,89.6,4543.05,No
CUST00175,Female,0,17,Yes,Fiber optic,32.13,496.94,No
CUST00176,Male,0,13,No,Fiber optic,42.94,686.55,No
CUST00177,Male,0,25,No,Fiber optic,33.38,1035.16,Yes
CUST00178,Female,0,32,Yes,No,98.94,2890.62,No
CUST00179,Male,0,60,No,DSL,78.07,5261.37,No
CUST00180,Female,0,60,Yes,Fiber optic,56.0,3869.73,Yes
CUST00181,Female,1,65,No,DSL,22.85,1901.22,No
CUST00182,Female,0,48,Yes,Fiber optic,96.25,4917.04,No
CUST00183,Female,0,10,No,No,107.0,1022.36,Yes
CUST00184,Male,0,3,No,Fiber optic,78.37,,Yes
CUST00185,Female,0,1,No,No,104.63,105.16,No
CUST00186,Female,0,6,Yes,Fiber optic,107.19,691.75,Yes
CUST00187,Male,0,35,Yes,DSL,64.78,,No
CUST00188,Male,0,3,No,Fiber optic,80.55,226.4,No
CUST00189,Male,0,27,No,Fiber optic,99.33,2724.2,Yes
CUST00190,Male,0,11,No,DSL,109.8,,Yes
CUST00191,Male,0,16,No,Fiber optic,78.13,1168.84,No
CUST00192,Female,0,55,No,Fiber optic,68.67,3425.26,Yes
CUST00193,Male,0,63,Yes,DSL,98.51,6367.57,No
CUST00194,Female,0,6,Yes,DSL,61.94,381.0,No
CUST00195,Male,1,21,No,Fiber optic,97.34,2178.32,No
CUST00196,Male,0,37,No,DSL,46.25,1927.52,No
CUST00197,Female,0,20,No,No,52.19,,No
CUST00198,Female,0,72,No,No,98.36,6991.68,No
CUST00199,Female,0,61,No,DSL,66.35,4229.99,No
CUST00200,Female,0,56,No,DSL,65.09,3491.42,No
CUST00201,Male,1,17,No,DSL,68.94,1030.61,No
CUST00202,Female,1,4,No,Fiber optic,82.11,322.72,Yes
CUST00203,Male,0,36,No,Fiber optic,41.3,1583.76,No
CUST00204,Female,0,72,No,DSL,69.83,4410.45,No
CUST00205,Female,0,52,No,No,85.1,4326.48,No
CUST00206,Male,0,47,Yes,Fiber optic,93.0,4794.24,Yes
CUST00207,Female,0,23,No,DSL,40.56,781.64,No
CUST00208,Male,0,38,Yes,Fiber optic,89.8,3199.46,No
CUST00209,Female,1,6,No,DSL,104.86,,No
CUST00210,Female,1,39,No,Fiber optic,63.46,2617.49,No
CUST00211,Male,0,12,Yes,No,56.43,581.67,No
CUST00212,Male,0,69,No,No,90.53,5996.03,No
CUST00213,Male,0,48,No,DSL,20.41,580.17,No
CUST00214,Female,0,69,Yes,Fiber optic,39.07,,No
CUST00215,Female,1,27,No,DSL,81.23,2303.9,No
CUST00216,Female,0,0,Yes,DSL,99.54,,No
CUST00217,Female,0,30,Yes,Fiber optic,39.58,1073.16,No
CUST00218,Female,0,20,No,Fiber optic,31.71,623.53,No
CUST00219,Female,1,11,Yes,DSL,91.73,972.4,Yes
CUST00220,Female,0,44,Yes,Fiber optic,69.99,3454.36,No
CUST00221,Male,0,4,Yes,Fiber optic,66.91,289.38,No
CUST00222,Female,0,37,No,DSL,51.56,1943.55,No
CUST00223,Female,0,51,Yes,Fiber optic,88.55,4315.21,No
CUST00224,Female,0,50,Yes,DSL,96.16,4805.32,No
CUST00225,Female,0,53,Yes,Fiber optic,55.29,3132.95,Yes
CUST00226,Female,0,1,No,No,87.69,93.3,Yes
CUST00227,Female,0,15,Yes,DSL,22.25,472.68,No
CUST00228,Female,0,11,Yes,DSL,98.62,1177.07,Yes
CUST00229,Male,0,5,Yes,DSL,97.68,492.37,Yes
CUST00230,Female,0,8,No,Fiber optic,105.68,855.6,Yes
CUST00231,Male,0,9,No,DSL,79.74,782.64,Yes
CUST00232,Female,1,20,Yes,No,58.1,1313.43,Yes
CUST00233,Male,0,12,Yes,DSL,77.14,942.41,No
CUST00234,Male,0,40,Yes,DSL,66.76,2493.98,No
CUST00235,Male,1,3,Yes,DSL,69.16,207.89,No
CUST00236,Female,1,39,No,Fiber optic,93.92,3525.04,Yes
CUST00237,Female,1,35,No,No,96.44,3082.87,Yes
CUST00238,Female,1,0,No,No,83.74,,No
CUST00239,Female,0,4,No,DSL,63.08,226.74,No
CUST00240,Female,1,28,Yes,DSL,26.88,785.81,Yes
CUST00241,Male,0,9,Yes,Fiber optic,106.71,937.06,Yes
CUST00242,Female,0,26,Yes,Fiber optic,22.14,488.75,No
CUST00243,Male,0,5,Yes,Fiber optic,93.22,484.03,Yes
CUST00244,Female,0,62,Yes,No,20.05,1571.47,No
CUST00245,Male,0,52,Yes,DSL,62.85,2766.61,No
CUST00246,Female,0,64,No,Fiber optic,63.94,3886.53,No
CUST00247,Female,0,60,Yes,No,86.16,4630.14,No
CUST00248,Male,0,10,No,Fiber optic,103.46,1049.29,No
CUST00249,Male,0,13,No,DSL,76.84,981.61,No
CUST00250,Female,1,0,No,No,67.28,,No
CUST00251,Female,0,9,No,Fiber optic,62.32,517.82,No
CUST00252,Male,1,9,Yes,DSL,100.58,871.5,Yes
CUST00253,Male,0,59,Yes,No,45.21,2548.71,No
CUST00254,Male,0,30,No,DSL,50.77,1325.45,No
CUST00255,Male,0,31,No,DSL,77.0,,No
CUST00256,Male,0,34,Yes,DSL,97.32,,No
CUST00257,Male,0,58,No,No,94.33,5900.58,No
CUST00258,Male,0,3,Yes,DSL,62.66,215.49,No
CUST00259,Male,0,12,No,No,28.12,239.59,No
CUST00260,Female,0,2,No,DSL,106.91,193.95,Yes
CUST00261,Male,0,67,Yes,DSL,35.6,2763.55,No
CUST00262,Female,0,38,No,Fiber optic,43.32,2008.66,No
CUST00263,Male,0,8,Yes,DSL,71.33,645.42,No
CUST00264,Female,0,44,No,Fiber optic,35.05,1170.66,Yes
CUST00265,Female,0,7,No,Fiber optic,67.9,426.11,Yes
CUST00266,Male,0,43,Yes,No,43.35,1899.95,No
CUST00267,Female,0,15,Yes,Fiber optic,39.0,461.6,Yes
CUST00268,Female,0,70,Yes,Fiber optic,28.75,1424.74,No
CUST00269,Male,0,9,No,DSL,85.17,770.74,Yes
CUST00270,Female,0,24,Yes,No,56.23,1141.89,No
CUST00271,Male,0,54,No,Fiber optic,80.82,4872.68,No
CUST00272,Female,1,6,Yes,No,77.54,477.5,Yes
CUST00273,Male,0,22,No,Fiber optic,23.2,499.64,No
CUST00274,Male,0,51,No,DSL,20.91,964.09,No
CUST00275,Male,1,2,No,Fiber optic,101.83,202.57,No
CUST00276,Male,0,12,No,Fiber optic,49.51,638.07,No
CUST00277,Female,0,40,No,DSL,73.78,3076.2,No
CUST00278,Male,0,5,Yes,Fiber optic,76.24,337.18,Yes
CUST00279,Female,0,8,Yes,Fiber optic,87.76,760.51,No
CUST00280,Male,0,6,Yes,DSL,79.76,448.74,No
CUST00281,Female,0,21,No,No,50.01,958.5,No
CUST00282,Female,0,32,No,Fiber optic,33.5,1064.14,No
CUST00283,Male,0,35,No,DSL,94.51,3272.37,No
CUST00284,Female,0,44,Yes,DSL,95.6,3818.07,No
CUST00285,Female,0,12,Yes,DSL,65.17,682.86,No
CUST00286,Male,0,4,Yes,Fiber optic,98.83,428.5,No
CUST00287,Female,0,58,No,DSL,90.63,5741.75,No
CUST00288,Female,0,9,Yes,Fiber optic,93.03,747.31,Yes
CUST00289,Male,0,22,No,DSL,26.07,539.65,No
CUST00290,Female,1,17,No,Fiber optic,91.61,1563.91,No
CUST00291,Female,0,43,Yes,No,52.39,2579.56,No
CUST00292,Female,1,12,Yes,Fiber optic,69.04,929.04,No
CUST00293,Male,0,46,No,DSL,80.52,3280.29,No
CUST00294,Male,0,68,No,DSL,31.51,1554.5,No
CUST00295,Female,0,29,Yes,DSL,86.78,2412.6,No
CUST00296,Female,0,2,Yes,No,103.28,196.81,No
CUST00297,Female,1,51,No,Fiber optic,43.67,1755.48,Yes
CUST00298,Male,0,2,No,No,69.5,123.33,No
CUST00299,Male,0,6,Yes,Fiber optic,102.02,633.4,Yes
CUST00300,Male,0,31,No,Fiber optic,62.85,2126.42,No
CUST00301,Female,1,22,No,Fiber optic,86.72,2126.25,Yes
CUST00302,Female,0,12,No,DSL,61.53,830.8,No
CUST00303,Female,0,0,Yes,DSL,87.08,,Yes
CUST00304,Female,0,7,No,No,101.17,764.13,No
CUST00305,Male,1,12,No,Fiber optic,90.95,1119.85,No
CUST00306,Female,1,4,No,Fiber optic,69.99,292.97,No
CUST00307,Female,0,57,Yes,Fiber optic,21.04,1167.85,Yes
CUST00308,Male,0,53,No,DSL,41.92,1727.85,No
CUST00309,Male,0,52,No,DSL,22.11,1284.95,No
CUST00310,Female,1,23,No,Fiber optic,70.15,,Yes
CUST00311,Male,0,72,No,No,64.83,4787.69,No
CUST00312,Male,0,46,No,Fiber optic,93.19,4642.85,Yes
CUST00313,Female,0,9,No,No,85.87,818.36,Yes
CUST00314,Male,0,6,No,DSL,64.62,404.1,No
CUST00315,Female,0,5,No,Fiber optic,75.93,340.77,Yes
CUST00316,Female,0,47,No,DSL,91.98,4252.42,No
CUST00317,Male,1,0,No,DSL,101.95,,Yes
CUST00318,Female,0,9,No,DSL,83.98,705.82,Yes
CUST00319,Male,0,31,No,DSL,29.23,1176.57,No
CUST00320,Male,0,13,No,No,84.93,1230.03,No
CUST00321,Male,0,64,Yes,DSL,22.33,1687.05,No
CUST00322,Male,0,21,Yes,DSL,91.39,1786.14,No
CUST00323,Male,0,65,No,Fiber optic,77.02,5470.01,Yes
CUST00324,Male,0,1,No,No,73.89,65.72,Yes
CUST00325,Female,0,0,No,Fiber optic,94.44,,Yes
CUST00326,Male,0,68,No,No,93.83,6357.23,No
CUST00327,Female,0,13,No,Fiber optic,42.72,482.12,No
CUST00328,Male,0,16,No,No,70.2,971.33,No
CUST00329,Female,0,29,No,Fiber optic,29.29,1076.14,No
CUST00330,Female,0,14,Yes,Fiber optic,49.47,689.58,No
CUST00331,Female,0,11,No,DSL,65.64,779.51,No
CUST00332,Male,0,33,Yes,Fiber optic,37.29,1354.47,No
CUST00333,Female,1,10,Yes,No,97.25,1038.28,No
CUST00334,Female,0,72,Yes,No,88.06,5904.39,No
CUST00335,Female,1,52,Yes,Fiber optic,60.36,3140.15,Yes
CUST00336,Female,0,9,Yes,DSL,73.69,670.76,Yes
CUST00337,Male,0,71,No,DSL,92.27,5984.84,No
CUST00338,Male,0,42,Yes,DSL,29.68,1055.67,No
CUST00339,Female,1,27,No,DSL,92.21,2744.09,No
CUST00340,Female,0,26,No,Fiber optic,67.36,1636.91,Yes
CUST00341,Female,0,43,No,Fiber optic,53.57,2124.07,No
CUST00342,Male,0,14,No,Fiber optic,84.31,1182.18,No
CUST00343,Male,0,64,Yes,Fiber optic,65.7,4174.69,Yes
CUST00344,Male,0,19,Yes,Fiber optic,52.99,1165.57,No
CUST00345,Female,0,17,Yes,Fiber optic,77.97,1243.71,Yes
CUST00346,Female,0,9,Yes,No,69.88,579.87,No
CUST00347,Female,0,24,No,DSL,43.72,1113.78,No
CUST00348,Male,0,7,No,No,79.9,519.71,No
CUST00349,Male,0,28,Yes,No,59.83,1575.7,No
CUST00350,Male,0,56,Yes,No,72.66,3828.74,No
CUST00351,Female,0,28,Yes,Fiber optic,42.87,976.37,No
CUST00352,Male,0,1,Yes,No,99.47,100.4,Yes
CUST00353,Female,1,48,No,Fiber optic,39.86,1559.12,No
CUST00354,Male,1,1,No,DSL,91.65,87.81,Yes
CUST00355,Female,0,45,Yes,Fiber optic,30.98,992.35,No
CUST00356,Male,0,65,No,DSL,30.9,2339.37,No
CUST00357,Male,1,4,No,Fiber optic,105.6,,No
CUST00358,Male,0,6,Yes,Fiber optic,91.26,562.92,No
CUST00359,Male,0,0,Yes,Fiber optic,69.64,,No
CUST00360,Female,1,39,Yes,Fiber optic,65.48,,Yes
CUST00361,Female,0,12,Yes,DSL,94.68,1111.07,No
CUST00362,Female,0,2,Yes,Fiber optic,77.28,163.83,No
CUST00363,Female,1,11,No,Fiber optic,87.84,947.96,Yes
CUST00364,Male,0,40,Yes,No,24.18,607.73,No
CUST00365,Female,0,57,Yes,No,97.98,5861.43,No
CUST00366,Female,1,6,Yes,No,104.5,606.94,No
CUST00367,Male,0,26,Yes,No,41.13,1230.23,No
CUST00368,Male,0,44,Yes,Fiber optic,75.24,3528.84,Yes
CUST00369,Male,0,31,Yes,DSL,37.41,1254.05,No
CUST00370,Female,1,50,No,DSL,51.89,2465.43,Yes
CUST00371,Male,0,55,Yes,No,94.51,5549.25,No
CUST00372,Female,0,23,Yes,Fiber optic,73.72,1740.41,No
CUST00373,Male,0,23,No,DSL,95.44,2023.47,No
CUST00374,Female,0,11,No,DSL,60.1,714.79,No
CUST00375,Male,0,0,Yes,DSL,95.29,,Yes
CUST00376,Female,0,0,Yes,Fiber optic,83.72,,No
CUST00377,Male,0,67,Yes,DSL,69.66,5000.86,No
CUST00378,Male,0,34,Yes,DSL,58.01,2084.53,No
CUST00379,Female,0,30,No,DSL,47.41,1652.44,No
CUST00380,Female,0,71,No,DSL,90.06,6390.92,No
CUST00381,Female,0,31,Yes,Fiber optic,84.24,2722.9,No
CUST00382,Female,0,46,Yes,No,61.98,2760.45,No
CUST00383,Female,0,68,No,DSL,47.44,3500.7,No
CUST00384,Male,1,32,Yes,DSL,54.12,1896.34,No
CUST00385,Female,0,63,Yes,DSL,89.32,5231.94,No
CUST00386,Male,0,6,Yes,DSL,95.8,594.62,Yes
CUST00387,Male,1,14,Yes,Fiber optic,27.91,469.08,No
CUST00388,Female,0,63,No,Fiber optic,36.82,2684.83,No
CUST00389,Male,1,5,Yes,Fiber optic,96.38,462.21,No
CUST00390,Female,0,70,Yes,No,55.74,4587.2,No
CUST00391,Male,0,58,No,Fiber optic,92.0,5897.88,No
CUST00392,Female,0,10,Yes,DSL,85.74,772.28,Yes
CUST00393,Male,0,48,Yes,No,26.95,1210.61,No
CUST00394,Female,1,38,No,Fiber optic,81.22,3104.09,No
CUST00395,Female,0,49,Yes,Fiber optic,73.46,3231.71,No
CUST00396,Male,0,7,No,DSL,77.14,591.29,Yes
CUST00397,Male,1,55,Yes,Fiber optic,74.44,4499.38,Yes
CUST00398,Female,1,26,Yes,Fiber optic,68.1,1664.83,Yes
CUST00399,Female,0,10,Yes,DSL,68.53,619.68,No
CUST00400,Female,0,10,Yes,Fiber optic,91.81,998.95,Yes
CUST00401,Female,0,24,No,DSL,50.61,1384.16,No
CUST00402,Female,0,68,No,DSL,79.61,4983.23,No
CUST00403,Female,0,4,Yes,DSL,98.82,434.97,Yes
CUST00404,Male,0,23,Yes,No,31.99,,No
CUST00405,Female,1,19,Yes,Fiber optic,49.75,962.7,No
CUST00406,Male,0,5,Yes,Fiber optic,60.78,352.61,No
CUST00407,Female,1,63,Yes,DSL,40.38,2260.09,No
CUST00408,Female,0,4,Yes,DSL,99.23,416.12,No
CUST00409,Male,1,8,Yes,DSL,94.89,764.08,Yes
CUST00410,Male,0,50,Yes,Fiber optic,79.52,4256.55,No
CUST00411,Male,1,0,Yes,Fiber optic,60.58,,Yes
CUST00412,Male,0,32,No,DSL,83.52,2739.51,No
CUST00413,Male,0,4,No,Fiber optic,75.05,274.37,Yes
CUST00414,Female,0,64,No,No,51.54,3076.21,No
CUST00415,Female,0,7,No,No,95.65,701.28,No
CUST00416,Male,1,12,No,DSL,86.67,920.11,No
CUST00417,Female,1,10,Yes,Fiber optic,67.31,628.29,No
CUST00418,Male,0,12,No,Fiber optic,34.6,406.84,Yes
CUST00419,Female,0,2,No,No,96.35,178.64,Yes
CUST00420,Female,0,38,Yes,No,42.77,1476.78,No
CUST00421,Female,0,59,Yes,Fiber optic,40.47,2889.04,Yes
CUST00422,Male,0,4,Yes,Fiber optic,107.08,406.68,Yes
CUST00423,Female,1,6,No,DSL,106.77,,Yes
CUST00424,Female,0,8,Yes,DSL,84.89,703.1,No
CUST00425,Male,1,69,Yes,DSL,30.14,2161.19,No
CUST00426,Male,0,12,Yes,DSL,97.18,1202.81,No
CUST00427,Female,0,9,No,Fiber optic,64.22,548.17,No
CUST00428,Female,0,8,Yes,DSL,109.18,928.27,No
CUST00429,Female,0,12,Yes,No,24.67,282.46,No
CUST00430,Female,1,57,No,DSL,72.5,3761.65,No
CUST00431,Female,0,65,Yes,No,51.57,3959.31,No
CUST00432,Male,0,10,Yes,Fiber optic,84.58,867.6,No
CUST00433,Male,1,5,Yes,No,60.91,337.28,No
CUST00434,Male,0,5,Yes,DSL,109.87,586.37,No
CUST00435,Male,0,4,No,Fiber optic,85.91,380.01,No
CUST00436,Female,0,55,No,Fiber optic,24.7,1293.51,No
CUST00437,Male,0,23,No,DSL,44.51,1030.65,No
CUST00438,Male,0,5,Yes,DSL,101.19,469.13,Yes
CUST00439,Female,0,26,No,Fiber optic,92.22,2265.45,Yes
CUST00440,Female,0,44,No,DSL,56.0,2447.77,No
CUST00441,Male,0,2,Yes,DSL,92.72,179.49,No
CUST00442,Male,0,52,No,No,47.29,2202.95,No
CUST00443,Female,0,9,Yes,Fiber optic,70.77,669.5,Yes
CUST00444,Male,0,10,No,DSL,106.47,1031.27,No
CUST00445,Female,0,41,Yes,DSL,88.1,3528.43,No
CUST00446,Female,0,65,No,DSL,59.85,3516.95,No
CUST00447,Female,0,6,Yes,Fiber optic,97.63,550.07,Yes
CUST00448,Male,0,31,No,No,30.89,677.78,No
CUST00449,Male,0,8,Yes,DSL,103.38,804.81,No
CUST00450,Male,0,25,No,DSL,58.32,1366.3,No
CUST00451,Male,1,2,Yes,No,74.07,143.46,Yes
CUST00452,Male,0,13,Yes,DSL,56.31,761.11,No
CUST00453,Male,0,53,No,Fiber optic,84.74,4207.42,Yes
CUST00454,Female,0,13,No,DSL,52.62,725.54,No
CUST00455,Female,0,7,Yes,Fiber optic,96.78,707.72,No
CUST00456,Male,0,3,No,DSL,93.19,267.97,No
CUST00457,Female,0,52,Yes,Fiber optic,26.91,1524.23,No
CUST00458,Female,0,67,Yes,Fiber optic,30.99,2212.78,No
CUST00459,Male,0,67,No,Fiber optic,58.26,4081.03,Yes
CUST00460,Male,0,68,No,No,92.76,6660.41,No
CUST00461,Female,0,54,Yes,DSL,96.06,4800.01,No
CUST00462,Female,1,43,No,Fiber optic,99.96,3874.18,No
CUST00463,Male,0,0,Yes,Fiber optic,100.67,,No
CUST00464,Female,0,70,Yes,DSL,43.53,3437.46,No
CUST00465,Female,0,45,No,Fiber optic,61.67,3022.61,No
CUST00466,Male,0,0,No,No,67.84,,No
CUST00467,Male,0,2,Yes,DSL,81.54,165.54,No
CUST00468,Male,0,11,No,Fiber optic,86.3,879.45,Yes
CUST00469,Male,0,53,No,DSL,41.11,1729.59,No
CUST00470,Male,0,51,No,DSL,38.53,,No
CUST00471,Male,1,15,No,DSL,62.49,976.0,No
CUST00472,Male,0,32,Yes,Fiber optic,47.03,1382.99,Yes
CUST00473,Male,0,0,Yes,Fiber optic,66.03,,Yes
CUST00474,Male,0,30,Yes,Fiber optic,72.53,2172.27,No
CUST00475,Male,0,69,Yes,DSL,50.67,4147.07,No
CUST00476,Female,0,12,Yes,No,51.15,,No
CUST00477,Male,0,55,No,Fiber optic,72.76,4083.9,No
CUST00478,Male,1,19,Yes,No,73.9,1292.76,No
CUST00479,Female,0,44,No,Fiber optic,43.33,1806.2,No
CUST00480,Male,1,39,Yes,Fiber optic,91.0,3384.3,Yes
CUST00481,Male,0,45,Yes,DSL,76.24,3203.95,No
CUST00482,Male,0,34,Yes,Fiber optic,82.78,2658.35,No
CUST00483,Male,0,71,No,Fiber optic,78.3,5732.59,Yes
CUST00484,Male,0,4,No,No,64.79,282.22,No
CUST00485,Female,0,5,No,DSL,87.44,453.39,Yes
CUST00486,Female,1,3,No,DSL,79.62,,Yes
CUST00487,Female,0,0,Yes,Fiber optic,88.06,,Yes
CUST00488,Female,1,14,Yes,Fiber optic,87.52,1324.07,Yes
CUST00489,Male,0,55,Yes,Fiber optic,76.59,4105.39,No
CUST00490,Female,0,64,Yes,No,24.69,2001.06,No
CUST00491,Male,1,67,Yes,Fiber optic,73.42,4801.14,Yes
CUST00492,Female,0,12,Yes,DSL,77.7,926.05,No
CUST00493,Female,0,5,Yes,DSL,70.99,382.79,Yes
CUST00494,Female,0,45,No,Fiber optic,29.37,,No
CUST00495,Female,0,70,No,Fiber optic,46.61,2646.76,No
CUST00496,Female,1,6,No,No,95.24,587.78,Yes
CUST00497,Female,0,56,No,DSL,30.71,1531.47,No
CUST00498,Male,0,72,No,Fiber optic,70.61,4634.08,No
CUST00499,Male,1,10,Yes,DSL,81.77,740.74,No
CUST00500,Female,0,22,Yes,Fiber optic,53.84,976.27,No
CUST00501,Male,0,51,Yes,No,37.51,2152.15,No
CUST00502,Female,0,40,Yes,Fiber optic,23.22,1289.06,No
CUST00503,Male,0,6,Yes,Fiber optic,81.59,486.29,No
CUST00504,Female,0,14,Yes,No,27.48,394.62,No
CUST00505,Female,1,6,No,DSL,88.55,509.16,Yes
CUST00506,Female,0,57,Yes,Fiber optic,65.66,4157.0,No
CUST00507,Male,0,3,No,DSL,72.95,201.54,No
CUST00508,Male,0,58,No,DSL,30.28,2319.58,No
CUST00509,Male,0,72,Yes,DSL,25.86,2037.61,No
CUST00510,Female,0,42,Yes,Fiber optic,21.05,772.59,No
CUST00511,Male,0,68,No,No,25.3,1428.46,No
CUST00512,Female,0,10,No,Fiber optic,90.02,942.38,Yes
CUST00513,Male,0,2,No,No,72.8,126.83,No
CUST00514,Male,0,58,Yes,DSL,31.2,2244.57,No
CUST00515,Male,0,56,Yes,No,37.73,1889.13,No
CUST00516,Female,0,4,Yes,DSL,86.34,347.22,Yes
CUST00517,Male,0,2,Yes,Fiber optic,88.57,191.15,Yes
CUST00518,Female,1,16,Yes,Fiber optic,22.53,324.74,Yes
CUST00519,Male,0,44,Yes,No,30.56,1217.63,No
CUST00520,Female,0,2,Yes,DSL,109.57,222.54,Yes
CUST00521,Female,0,6,No,DSL,60.56,418.38,No
CUST00522,Male,0,41,No,No,35.01,1243.2,No
CUST00523,Male,1,28,No,Fiber optic,36.57,1072.36,No
CUST00524,Female,0,48,Yes,Fiber optic,89.31,4006.92,No
CUST00525,Female,0,65,Yes,Fiber optic,81.28,5725.08,Yes
CUST00526,Female,0,45,Yes,DSL,89.97,3715.36,No
CUST00527,Female,0,3,No,DSL,97.53,276.87,Yes
CUST00528,Male,1,12,No,DSL,26.87,404.14,No
CUST00529,Male,1,20,Yes,No,59.17,1320.81,No
CUST00530,Male,0,70,No,DSL,40.36,3232.18,No
CUST00531,Male,0,11,Yes,DSL,98.72,1070.86,No
CUST00532,Male,0,12,Yes,DSL,35.2,524.71,No
CUST00533,Male,0,66,Yes,No,90.29,6264.32,No
CUST00534,Female,0,66,No,Fiber optic,91.75,6610.99,No
CUST00535,Male,1,21,No,Fiber optic,30.21,696.1,No
CUST00536,Male,0,2,Yes,No,97.09,204.93,Yes
CUST00537,Female,0,43,Yes,DSL,77.64,3174.48,No
CUST00538,Female,1,48,Yes,DSL,78.15,4014.24,No
CUST00539,Female,0,25,No,DSL,69.32,1894.34,No
CUST00540,Female,0,11,Yes,No,91.13,1092.67,Yes
CUST00541,Male,0,11,No,No,84.37,959.87,Yes
CUST00542,Male,0,4,Yes,DSL,63.57,249.79,No
CUST00543,Female,0,11,Yes,No,86.93,1035.54,No
CUST00544,Male,1,21,Yes,DSL,27.85,666.96,No
CUST00545,Male,0,62,Yes,DSL,49.6,3006.6,No
CUST00546,Female,0,23,No,Fiber optic,47.14,1275.29,Yes
CUST00547,Female,0,12,Yes,DSL,95.02,1170.35,No
CUST00548,Male,0,1,Yes,Fiber optic,92.91,84.99,No
CUST00549,Male,0,43,No,DSL,83.85,3477.19,No
CUST00550,Male,0,17,No,Fiber optic,41.44,,No
CUST00551,Male,0,69,Yes,Fiber optic,49.44,3594.53,No
CUST00552,Female,0,45,No,DSL,41.95,2323.79,No
CUST00553,Female,0,38,No,Fiber optic,40.79,1255.47,No
CUST00554,Female,0,8,No,DSL,80.89,659.3,Yes
CUST00555,Female,1,6,Yes,DSL,63.26,428.77,Yes
CUST00556,Female,0,16,Yes,No,55.61,948.19,No
CUST00557,Female,1,45,No,DSL,85.59,3424.58,No
CUST00558,Male,1,49,No,DSL,72.34,3145.27,No
CUST00559,Female,1,1,No,DSL,83.82,89.13,No
CUST00560,Male,0,48,Yes,Fiber optic,93.74,4259.68,Yes
CUST00561,Male,0,9,Yes,Fiber optic,101.94,898.61,No
CUST00562,Male,0,10,No,DSL,70.45,642.16,No
CUST00563,Female,0,38,No,Fiber optic,92.11,3205.76,No
CUST00564,Male,0,11,No,DSL,109.12,1220.14,Yes
CUST00565,Male,0,64,Yes,DSL,83.92,5162.25,No
CUST00566,Female,0,27,No,Fiber optic,93.55,2295.22,No
CUST00567,Female,0,9,No,DSL,102.85,943.13,No
CUST00568,Male,0,14,No,DSL,66.42,1059.75,No
CUST00569,Male,0,58,Yes,Fiber optic,42.46,2357.45,Yes
CUST00570,Female,0,46,Yes,Fiber optic,93.04,4474.94,No
CUST00571,Female,1,58,Yes,Fiber optic,98.34,5353.55,Yes
CUST00572,Female,0,69,No,No,24.73,2156.06,No
CUST00573,Female,0,2,No,No,102.43,224.48,Yes
CUST00574,Female,0,24,Yes,No,23.7,440.99,No
CUST00575,Male,0,10,No,Fiber optic,83.42,838.9,No
CUST00576,Female,0,41,Yes,Fiber optic,74.54,3086.81,No
CUST00577,Male,0,51,No,Fiber optic,96.03,5333.74,Yes
CUST00578,Male,0,4,No,Fiber optic,98.9,425.95,Yes
CUST00579,Female,0,9,Yes,Fiber optic,78.04,736.65,No
CUST00580,Female,0,3,No,Fiber optic,92.23,290.67,No
CUST00581,Male,1,33,Yes,DSL,85.58,3134.84,Yes
CUST00582,Male,0,12,No,Fiber optic,41.38,480.51,No
CUST00583,Male,0,18,Yes,DSL,59.01,973.61,No
CUST00584,Male,0,11,Yes,Fiber optic,76.65,817.39,Yes
CUST00585,Female,1,11,No,DSL,97.52,1054.66,Yes
CUST00586,Female,0,61,Yes,DSL,90.0,5835.24,No
CUST00587,Male,0,2,No,DSL,79.28,167.31,No
CUST00588,Male,0,4,No,No,86.0,306.8,Yes
CUST00589,Female,0,50,No,Fiber optic,87.13,4036.6,No
CUST00590,Male,0,0,Yes,No,103.84,,No
CUST00591,Female,0,40,Yes,DSL,74.18,3092.51,No
CUST00592,Female,0,71,No,DSL,89.31,6555.56,No
CUST00593,Female,0,40,Yes,DSL,69.39,2947.47,No
CUST00594,Female,1,6,Yes,No,93.78,538.3,Yes
CUST00595,Female,0,25,Yes,Fiber optic,38.24,848.63,No
CUST00596,Male,0,15,Yes,Fiber optic,50.22,721.76,No
CUST00597,Male,0,52,Yes,Fiber optic,25.06,1258.76,Yes
CUST00598,Male,1,49,No,Fiber optic,95.49,4770.8,No
CUST00599,Male,0,11,Yes,DSL,91.57,1088.7,Yes
CUST00600,Male,0,32,Yes,No,89.08,2846.05,No
CUST00601,Female,0,3,No,DSL,109.77,331.89,Yes
CUST00602,Female,0,52,Yes,No,86.77,,No
CUST00603,Male,0,15,No,DSL,35.66,439.45,No
CUST00604,Male,0,6,No,No,90.28,483.68,No
CUST00605,Female,0,8,Yes,DSL,87.15,,Yes
CUST00606,Female,0,30,Yes,No,69.02,2005.07,No
CUST00607,Female,0,13,Yes,DSL,78.92,1066.14,No
CUST00608,Male,0,2,Yes,Fiber optic,106.63,209.32,No
CUST00609,Male,0,3,No,No,106.23,319.19,No
CUST00610,Female,0,38,Yes,DSL,94.31,3509.41,No
CUST00611,Male,0,51,No,DSL,77.49,4184.53,No
CUST00612,Male,0,71,Yes,DSL,57.02,3715.97,No
CUST00613,Female,1,11,No,DSL,86.56,953.05,No
CUST00614,Male,1,15,No,No,35.27,451.37,No
CUST00615,Female,0,3,No,No,101.39,334.08,No
CUST00616,Male,0,10,Yes,No,90.85,1002.56,No
CUST00617,Female,1,3,No,Fiber optic,79.95,213.51,Yes
CUST00618,Female,0,10,Yes,DSL,102.65,1114.3,Yes
CUST00619,Male,0,29,Yes,DSL,92.42,2756.2,No
CUST00620,Female,0,35,No,No,76.33,2813.15,No
CUST00621,Male,0,5,Yes,No,107.95,513.35,Yes
CUST00622,Female,0,38,No,DSL,57.59,2199.95,No
CUST00623,Female,0,10,No,No,92.72,872.75,No
CUST00624,Male,1,10,No,DSL,78.58,879.96,Yes
CUST00625,Male,0,0,No,Fiber optic,68.32,,Yes
CUST00626,Female,0,17,No,DSL,94.04,1548.61,No
CUST00627,Male,0,31,No,No,76.26,2283.2,No
CUST00628,Female,0,59,Yes,DSL,80.95,4949.9,No
CUST00629,Male,0,29,No,DSL,91.66,2388.84,No
CUST00630,Male,0,55,No,Fiber optic,63.93,3098.64,No
CUST00631,Male,0,36,Yes,No,64.66,2244.37,No
CUST00632,Male,1,11,Yes,DSL,91.64,991.19,No
CUST00633,Female,1,56,Yes,DSL,85.84,5237.51,No
CUST00634,Female,0,1,No,DSL,92.82,84.57,Yes
CUST00635,Male,0,0,No,DSL,103.45,,No
CUST00636,Male,1,11,Yes,No,97.33,1164.85,Yes
CUST00637,Male,0,29,Yes,DSL,94.25,2954.23,No
CUST00638,Male,1,8,Yes,No,81.53,696.73,No
CUST00639,Female,0,10,No,DSL,71.23,679.89,No
CUST00640,Male,0,4,Yes,Fiber optic,84.49,342.83,Yes
CUST00641,Female,0,30,Yes,DSL,48.48,1416.97,No
CUST00642,Female,0,12,Yes,Fiber optic,22.49,194.67,No
CUST00643,Male,0,23,No,No,34.05,979.84,No
CUST00644,Female,0,66,No,DSL,74.63,5035.89,No
CUST00645,Male,0,5,Yes,Fiber optic,106.25,572.64,Yes
CUST00646,Female,0,9,No,DSL,97.6,,No
CUST00647,Female,0,3,Yes,Fiber optic,75.03,242.07,No
CUST00648,Male,1,69,Yes,No,82.07,6096.96,Yes
CUST00649,Male,0,34,Yes,No,21.32,589.65,No
CUST00650,Female,0,70,Yes,DSL,83.99,6324.83,No
CUST00651,Female,1,4,No,DSL,76.87,337.98,Yes
CUST00652,Male,0,58,No,Fiber optic,38.11,2284.69,Yes
CUST00653,Female,0,17,Yes,No,22.15,473.94,No
CUST00654,Male,0,12,Yes,DSL,57.68,763.99,No
CUST00655,Female,0,10,No,DSL,75.71,680.15,Yes
CUST00656,Male,0,24,Yes,Fiber optic,88.94,2213.26,No
CUST00657,Male,0,9,Yes,No,105.61,874.09,Yes
CUST00658,Male,0,52,No,DSL,55.87,3069.75,No
CUST00659,Female,0,4,No,DSL,86.1,378.84,Yes
CUST00660,Female,0,51,No,DSL,50.03,2455.38,No
CUST00661,Female,1,57,No,No,46.06,,No
CUST00662,Female,0,1,Yes,DSL,73.24,63.72,No
CUST00663,Female,0,4,Yes,Fiber optic,80.13,310.74,Yes
CUST00664,Female,0,13,Yes,DSL,47.58,670.29,No
CUST00665,Male,0,17,No,Fiber optic,66.34,,Yes
CUST00666,Male,0,63,Yes,DSL,30.66,1443.29,No
CUST00667,Male,0,42,No,DSL,62.75,2250.72,No
CUST00668,Male,0,41,No,DSL,33.22,996.6,No
CUST00669,Male,0,22,Yes,DSL,22.25,516.22,No
CUST00670,Female,0,0,No,DSL,72.66,,Yes
CUST00671,Male,0,65,Yes,Fiber optic,38.52,2961.3,Yes
CUST00672,Male,0,15,Yes,Fiber optic,44.39,699.85,Yes
CUST00673,Male,1,19,Yes,No,84.78,,No
CUST00674,Female,0,9,No,Fiber optic,77.92,703.33,Yes
CUST00675,Female,0,35,Yes,Fiber optic,41.65,1377.21,Yes
CUST00676,Female,0,53,Yes,Fiber optic,51.42,2387.92,No
CUST00677,Female,0,71,No,No,70.67,5050.47,No
CUST00678,Female,0,51,No,Fiber optic,86.15,4091.12,Yes
CUST00679,Female,0,59,Yes,DSL,28.98,1461.14,No
CUST00680,Female,0,10,Yes,No,100.36,1062.98,Yes
CUST00681,Female,0,60,Yes,Fiber optic,55.63,3811.79,No
CUST00682,Male,0,50,Yes,DSL,49.51,2911.14,No
CUST00683,Male,0,6,No,Fiber optic,65.73,378.11,No
CUST00684,Male,1,42,No,Fiber optic,30.15,1083.94,No
CUST00685,Male,0,36,Yes,Fiber optic,37.18,1354.61,No
CUST00686,Female,0,3,No,DSL,93.47,296.68,Yes
CUST00687,Female,0,26,Yes,No,43.85,1127.23,No
CUST00688,Female,0,5,Yes,DSL,86.48,446.46,Yes
CUST00689,Female,0,0,Yes,DSL,63.91,,No
CUST00690,Male,0,50,No,No,28.51,1440.2,No
CUST00691,Female,0,29,No,DSL,81.9,2539.28,No
CUST00692,Female,1,5,Yes,Fiber optic,73.45,357.2,No
CUST00693,Male,0,22,No,No,63.01,1350.97,No
CUST00694,Male,0,30,Yes,DSL,68.9,2253.22,No
CUST00695,Female,0,11,No,DSL,88.11,910.84,Yes
CUST00696,Female,1,6,Yes,Fiber optic,67.18,460.15,No
CUST00697,Female,0,17,Yes,No,99.0,1559.12,No
CUST00698,Female,1,4,No,DSL,79.1,348.99,Yes
CUST00699,Female,0,12,No,Fiber optic,60.4,757.32,No
CUST00700,Male,0,8,No,Fiber optic,97.22,832.98,Yes
CUST00701,Male,0,59,No,DSL,48.1,3188.36,No
CUST00702,Female,1,68,No,DSL,48.39,3289.27,No
CUST00703,Male,1,15,No,DSL,35.55,432.64,No
CUST00704,Male,1,36,Yes,DSL,49.24,1918.59,No
CUST00705,Female,0,2,Yes,DSL,92.93,168.93,No
CUST00706,Female,0,31,Yes,DSL,29.46,675.57,No
CUST00707,Female,0,44,No,Fiber optic,48.38,2438.46,Yes
CUST00708,Male,0,34,No,DSL,98.2,3534.48,No
CUST00709,Female,0,8,No,Fiber optic,96.32,768.98,No
CUST00710,Female,0,54,No,No,86.73,4794.38,No
CUST00711,Male,1,10,No,DSL,100.07,1087.18,No
CUST00712,Female,0,70,Yes,No,41.77,3198.03,No
CUST00713,Female,0,34,No,No,73.75,2489.34,No
CUST00714,Male,1,65,Yes,No,37.43,2282.69,No
CUST00715,Male,1,30,Yes,DSL,81.65,2490.05,No
CUST00716,Female,1,41,No,DSL,65.48,2839.46,Yes
CUST00717,Female,1,36,No,Fiber optic,86.82,2915.33,No
CUST00718,Male,0,12,Yes,Fiber optic,55.86,632.73,No
CUST00719,Female,0,57,No,DSL,20.78,625.73,No
CUST00720,Male,0,3,Yes,Fiber optic,100.93,288.97,No
CUST00721,Female,0,12,No,DSL,94.27,1060.9,No
CUST00722,Female,0,11,No,DSL,61.21,743.15,No
CUST00723,Male,0,9,Yes,DSL,62.23,557.47,No
CUST00724,Male,0,64,No,DSL,61.8,4177.29,No
CUST00725,Male,0,60,No,DSL,71.53,4011.14,No
CUST00726,Female,1,22,Yes,No,79.1,1715.01,No
CUST00727,Female,0,3,No,Fiber optic,73.15,197.92,No
CUST00728,Female,0,41,No,Fiber optic,63.15,2742.82,No
CUST00729,Female,1,53,Yes,No,60.06,3428.72,No
CUST00730,Male,0,4,No,Fiber optic,75.02,317.58,Yes
CUST00731,Female,0,42,No,Fiber optic,33.85,,No
CUST00732,Female,0,49,No,Fiber optic,38.88,1481.67,No
CUST00733,Male,0,25,Yes,No,87.49,2167.61,No
CUST00734,Male,1,15,No,DSL,88.47,1416.16,No
CUST00735,Male,0,5,No,Fiber optic,91.0,485.4,No
CUST00736,Female,0,63,No,DSL,78.11,4579.63,No
CUST00737,Female,1,2,Yes,Fiber optic,92.0,191.09,Yes
CUST00738,Male,0,0,Yes,DSL,101.38,,No
CUST00739,Male,0,38,Yes,DSL,44.84,1689.81,No
CUST00740,Male,0,12,No,No,48.81,526.62,No
CUST00741,Male,0,8,Yes,Fiber optic,92.34,780.1,Yes
CUST00742,Female,0,72,No,DSL,63.2,4291.96,No
CUST00743,Female,0,28,No,Fiber optic,31.54,1004.21,No
CUST00744,Female,0,34,No,No,62.33,2425.22,No
CUST00745,Male,1,66,Yes,Fiber optic,26.69,2386.33,No
CUST00746,Male,0,56,Yes,Fiber optic,89.09,4983.19,No
CUST00747,Male,1,12,No,No,24.42,266.39,No
CUST00748,Female,0,52,Yes,Fiber optic,80.24,3726.45,Yes
CUST00749,Male,0,62,Yes,Fiber optic,44.34,3128.54,No
CUST00750,Male,0,6,Yes,Fiber optic,82.66,438.52,No
CUST00751,Female,0,71,Yes,DSL,54.51,3426.87,No
CUST00752,Male,1,16,Yes,Fiber optic,87.4,1272.68,No
CUST00753,Female,0,50,No,DSL,65.28,2781.32,No
CUST00754,Female,1,1,No,Fiber optic,78.85,87.28,Yes
CUST00755,Male,0,8,No,No,102.29,,Yes
CUST00756,Male,0,0,Yes,Fiber optic,62.09,,No
CUST00757,Male,0,51,No,DSL,28.32,1759.35,No
CUST00758,Female,1,31,No,DSL,21.12,344.89,Yes
CUST00759,Female,0,12,Yes,No,24.68,388.17,No
CUST00760,Male,0,8,Yes,DSL,67.83,584.0,No
CUST00761,Female,0,49,No,DSL,20.19,1289.24,No
CUST00762,Male,0,45,Yes,Fiber optic,65.62,3218.38,No
CUST00763,Male,0,5,No,DSL,65.14,371.2,No
CUST00764,Male,0,13,No,DSL,83.14,,No
CUST00765,Female,0,52,No,Fiber optic,63.9,3287.1,No
CUST00766,Male,0,19,No,Fiber optic,32.07,742.74,Yes
CUST00767,Male,1,36,No,Fiber optic,21.78,967.14,Yes
CUST00768,Female,0,6,Yes,DSL,73.29,475.08,Yes
CUST00769,Male,1,2,Yes,DSL,101.02,186.01,Yes
CUST00770,Female,0,3,Yes,No,70.42,227.55,Yes
CUST00771,Male,0,3,Yes,Fiber optic,109.87,315.59,No
CUST00772,Male,0,29,No,DSL,90.67,2576.39,No
CUST00773,Male,0,68,No,DSL,41.22,3191.2,No
CUST00774,Female,0,15,No,No,94.54,1533.76,No
CUST00775,Male,1,9,No,No,77.12,629.07,No
CUST00776,Female,1,0,Yes,Fiber optic,65.5,,No
CUST00777,Male,0,8,No,Fiber optic,77.21,,Yes
CUST00778,Male,0,10,No,DSL,106.03,993.46,No
CUST00779,Male,0,4,No,No,102.74,449.3,No
CUST00780,Female,0,61,No,Fiber optic,69.97,3885.58,Yes
CUST00781,Male,0,49,No,No,38.22,1395.34,No
CUST00782,Male,1,44,Yes,DSL,83.09,3731.88,No
CUST00783,Male,0,15,Yes,DSL,87.77,1322.82,No
CUST00784,Male,0,62,No,DSL,83.39,5135.44,No
CUST00785,Female,0,0,Yes,DSL,91.93,,Yes
CUST00786,Male,0,18,Yes,Fiber optic,57.27,878.13,No
CUST00787,Male,0,51,No,DSL,53.53,2522.0,No
CUST00788,Female,0,42,No,Fiber optic,63.45,2297.69,No
CUST00789,Female,0,53,Yes,Fiber optic,36.09,2253.28,No
CUST00790,Male,0,51,Yes,Fiber optic,64.71,3271.93,No
CUST00791,Male,0,2,Yes,No,64.2,118.09,No
CUST00792,Male,0,60,No,DSL,95.8,5634.29,No
CUST00793,Female,0,12,No,DSL,68.0,,No
CUST00794,Female,0,2,No,Fiber optic,80.91,159.02,Yes
CUST00795,Male,1,4,No,DSL,90.05,377.81,Yes
CUST00796,Male,0,36,No,Fiber optic,60.21,2208.34,No
CUST00797,Male,0,5,No,DSL,87.14,447.88,Yes
CUST00798,Female,0,9,No,Fiber optic,85.01,695.6,No
CUST00799,Female,0,56,No,No,94.33,4881.0,No
CUST00800,Male,0,72,No,DSL,41.54,2640.48,No
CUST00801,Female,0,63,Yes,DSL,22.63,1908.33,No
CUST00802,Male,0,43,Yes,No,83.68,3256.61,No
CUST00803,Male,0,0,Yes,No,99.33,,Yes
CUST00804,Male,0,55,No,Fiber optic,79.96,4314.01,No
CUST00805,Male,0,14,Yes,Fiber optic,50.61,820.95,No
CUST00806,Male,0,14,Yes,Fiber optic,75.52,1085.64,No
CUST00807,Male,0,7,No,DSL,64.78,503.3,No
CUST00808,Male,0,28,Yes,Fiber optic,75.79,2017.83,Yes
CUST00809,Male,0,55,No,DSL,32.23,2016.54,No
CUST00810,Female,0,5,Yes,Fiber optic,80.0,,No
CUST00811,Female,0,47,No,Fiber optic,77.24,3476.8,No
CUST00812,Female,0,47,No,Fiber optic,65.98,3229.17,Yes
CUST00813,Female,0,15,Yes,DSL,57.25,757.28,No
CUST00814,Male,0,35,No,No,56.26,1852.47,No
CUST00815,Female,0,1,Yes,DSL,98.18,101.69,No
CUST00816,Female,1,9,Yes,DSL,78.7,741.31,No
CUST00817,Male,0,10,No,DSL,84.31,833.12,No
CUST00818,Female,0,29,Yes,No,99.86,3103.43,No
CUST00819,Male,1,0,Yes,Fiber optic,76.64,,No
CUST00820,Female,0,54,Yes,Fiber optic,21.77,1278.88,Yes
CUST00821,Female,0,14,No,DSL,71.47,1041.77,No
CUST00822,Female,0,7,No,No,105.65,782.35,Yes
CUST00823,Female,0,26,Yes,No,65.42,1806.56,No
CUST00824,Female,0,8,No,Fiber optic,75.65,,No
CUST00825,Male,0,2,Yes,Fiber optic,91.73,202.38,Yes
CUST00826,Female,1,1,Yes,Fiber optic,65.65,67.46,Yes
CUST00827,Female,0,71,No,No,74.0,4867.43,No
CUST00828,Male,0,5,No,DSL,71.71,381.62,No
CUST00829,Male,0,11,Yes,Fiber optic,88.06,1055.27,No
CUST00830,Female,0,14,Yes,Fiber optic,45.11,692.32,No
CUST00831,Male,0,3,Yes,DSL,88.44,272.29,No
CUST00832,Female,1,41,No,Fiber optic,27.2,940.87,No
CUST00833,Male,1,32,Yes,Fiber optic,58.55,,No
CUST00834,Female,1,62,Yes,Fiber optic,47.8,3341.76,Yes
CUST00835,Male,0,67,Yes,DSL,47.22,3270.04,No
CUST00836,Female,0,29,No,No,36.69,1294.33,No
CUST00837,Female,0,52,Yes,Fiber optic,90.86,4300.95,No
CUST00838,Male,0,66,No,Fiber optic,53.17,2876.46,Yes
CUST00839,Female,0,23,Yes,No,98.71,,No
CUST00840,Female,0,69,Yes,Fiber optic,44.69,2889.44,Yes
CUST00841,Male,0,39,No,No,80.04,3439.35,No
CUST00842,Male,0,6,No,No,104.25,659.67,Yes
CUST00843,Male,0,32,No,No,41.57,1162.63,No
CUST00844,Male,0,4,No,DSL,101.94,387.64,Yes
CUST00845,Male,1,6,No,DSL,66.42,342.79,No
CUST00846,Female,0,36,No,No,81.48,2589.99,No
CUST00847,Female,1,54,No,Fiber optic,41.99,1829.62,Yes
CUST00848,Female,0,49,No,No,56.31,2913.52,No
CUST00849,Male,0,57,Yes,Fiber optic,28.92,,Yes
CUST00850,Female,1,28,No,No,87.47,2593.75,No
CUST00851,Male,0,11,No,Fiber optic,104.98,1047.98,Yes
CUST00852,Female,0,68,No,DSL,54.95,3754.81,No
CUST00853,Female,0,46,No,DSL,78.27,3898.33,No
CUST00854,Male,0,5,Yes,DSL,77.75,424.86,No
CUST00855,Female,0,45,Yes,DSL,90.03,4125.53,No
CUST00856,Female,1,31,Yes,Fiber optic,58.32,1561.3,Yes
CUST00857,Female,0,57,Yes,Fiber optic,52.29,3081.91,No
CUST00858,Male,0,51,Yes,No,46.39,2289.05,No
CUST00859,Female,0,24,Yes,DSL,74.07,1919.19,No
CUST00860,Male,0,33,Yes,DSL,81.11,2917.83,No
CUST00861,Female,0,20,Yes,DSL,38.62,762.05,No
CUST00862,Female,1,37,Yes,Fiber optic,57.32,1978.51,Yes
CUST00863,Male,0,13,Yes,No,55.24,690.17,No
CUST00864,Male,1,42,No,DSL,49.0,2237.23,Yes
CUST00865,Male,0,14,No,DSL,57.86,817.08,No
CUST00866,Female,1,0,No,DSL,64.84,,Yes
CUST00867,Female,0,4,No,DSL,67.39,247.53,No
CUST00868,Male,1,48,No,DSL,40.27,1725.72,No
CUST00869,Male,0,35,No,No,43.07,1334.75,No
CUST00870,Female,1,66,Yes,DSL,51.84,3836.09,No
CUST00871,Female,0,19,Yes,DSL,32.54,517.75,No
CUST00872,Male,0,12,No,DSL,99.68,1255.53,No
CUST00873,Male,0,18,Yes,DSL,71.62,1345.78,No
CUST00874,Male,1,44,Yes,DSL,49.13,2243.98,No
CUST00875,Female,0,4,No,DSL,71.81,273.29,No
CUST00876,Female,0,2,Yes,DSL,90.47,184.57,Yes
CUST00877,Male,1,35,No,Fiber optic,86.89,3140.62,Yes
CUST00878,Male,0,2,Yes,No,64.34,146.11,No
CUST00879,Male,1,17,No,No,90.49,1568.57,No
CUST00880,Female,0,4,No,No,60.98,240.17,No
CUST00881,Female,0,51,No,No,46.67,2448.02,No
CUST00882,Female,1,4,Yes,Fiber optic,108.89,434.89,No
CUST00883,Female,0,62,No,Fiber optic,42.17,3049.8,No
CUST00884,Female,0,38,Yes,Fiber optic,67.23,2788.35,No
CUST00885,Male,0,20,Yes,Fiber optic,52.44,1197.19,No
CUST00886,Female,0,1,No,Fiber optic,60.26,61.25,Yes
CUST00887,Male,0,26,Yes,No,66.21,1481.6,No
CUST00888,Male,1,39,Yes,DSL,96.78,,No
CUST00889,Male,0,3,Yes,Fiber optic,61.69,173.32,No
CUST00890,Male,1,29,Yes,Fiber optic,90.13,2521.6,No
CUST00891,Male,0,7,No,Fiber optic,92.14,704.55,No
CUST00892,Female,1,0,No,Fiber optic,104.34,,Yes
CUST00893,Male,1,52,No,DSL,25.24,1170.12,Yes
CUST00894,Female,0,57,No,DSL,53.76,2646.05,No
CUST00895,Female,0,46,No,DSL,73.97,3088.09,No
CUST00896,Female,1,8,No,No,64.48,536.65,No
CUST00897,Male,0,14,Yes,DSL,94.22,1217.5,No
CUST00898,Male,0,68,Yes,Fiber optic,21.48,810.6,No
CUST00899,Female,0,11,No,No,105.88,1249.34,Yes
CUST00900,Female,0,69,Yes,Fiber optic,64.83,4698.78,Yes
CUST00901,Male,0,11,No,Fiber optic,69.15,868.56,No
CUST00902,Female,0,0,Yes,DSL,102.4,,Yes
CUST00903,Female,0,4,Yes,Fiber optic,109.44,431.91,Yes
CUST00904,Male,0,0,Yes,DSL,101.88,,No
CUST00905,Female,0,30,No,DSL,24.06,934.7,No
CUST00906,Male,1,31,No,DSL,98.6,2857.62,No
CUST00907,Male,0,0,Yes,Fiber optic,75.13,,No
CUST00908,Male,0,54,Yes,DSL,33.66,1732.69,No
CUST00909,Female,0,10,Yes,DSL,88.08,896.21,Yes
CUST00910,Female,0,35,No,Fiber optic,25.5,1123.29,No
CUST00911,Male,0,15,Yes,No,57.31,917.8,No
CUST00912,Male,0,41,No,Fiber optic,98.64,4077.33,Yes
CUST00913,Female,0,72,No,DSL,39.12,2686.84,No
CUST00914,Male,1,4,No,No,95.77,395.73,Yes
CUST00915,Female,0,51,No,Fiber optic,32.71,1534.58,No
CUST00916,Female,0,56,Yes,DSL,74.49,3641.56,No
CUST00917,Male,0,44,Yes,Fiber optic,29.39,1146.9,Yes
CUST00918,Female,1,72,No,DSL,54.04,4327.67,No
CUST00919,Female,0,39,Yes,DSL,21.61,1158.8,No
CUST00920,Male,0,43,No,Fiber optic,34.0,1269.91,No
CUST00921,Male,0,59,Yes,Fiber optic,72.05,4182.5,No
CUST00922,Female,0,9,Yes,DSL,82.11,764.72,No
CUST00923,Male,0,21,Yes,No,26.52,382.27,No
CUST00924,Female,0,9,Yes,Fiber optic,65.65,575.11,No
CUST00925,Male,0,1,No,Fiber optic,106.7,106.53,Yes
CUST00926,Female,0,49,No,Fiber optic,97.8,4665.33,No
CUST00927,Male,0,66,No,DSL,99.15,6983.15,No
CUST00928,Male,0,54,No,DSL,55.4,2698.73,No
CUST00929,Male,1,13,Yes,No,54.46,698.63,Yes
CUST00930,Female,0,5,Yes,DSL,97.9,501.06,No
CUST00931,Female,0,2,Yes,Fiber optic,98.21,176.49,No
CUST00932,Male,0,68,No,DSL,26.26,1745.48,No
CUST00933,Male,0,6,No,DSL,88.28,559.95,Yes
CUST00934,Male,1,31,Yes,No,35.94,940.82,Yes
CUST00935,Male,0,66,No,No,86.42,5629.59,No
CUST00936,Male,0,9,No,DSL,69.68,591.87,No
CUST00937,Female,1,8,Yes,Fiber optic,72.03,575.98,No
CUST00938,Male,0,42,No,No,31.72,1246.22,No
CUST00939,Female,0,0,Yes,Fiber optic,71.78,,Yes
CUST00940,Male,0,13,Yes,DSL,58.38,,No
CUST00941,Male,1,61,No,Fiber optic,43.38,2888.44,No
CUST00942,Female,0,53,No,DSL,20.12,,No
CUST00943,Male,0,8,Yes,DSL,100.25,877.17,No
CUST00944,Male,0,2,No,No,75.12,150.28,No
CUST00945,Female,1,17,No,DSL,41.79,840.1,No
CUST00946,Male,0,4,No,Fiber optic,66.09,296.1,Yes
CUST00947,Female,0,57,No,No,22.69,,No
CUST00948,Male,0,30,No,Fiber optic,60.68,1757.77,No
CUST00949,Male,0,37,Yes,DSL,22.72,1210.36,No
CUST00950,Female,0,4,Yes,DSL,62.06,277.43,No
CUST00951,Male,0,0,Yes,DSL,74.32,,Yes
CUST00952,Female,0,71,No,Fiber optic,63.74,4355.22,No
CUST00953,Female,0,2,Yes,No,81.79,179.36,No
CUST00954,Female,0,2,No,DSL,104.06,225.39,No
CUST00955,Female,0,3,Yes,DSL,65.26,197.03,No
CUST00956,Male,0,7,Yes,DSL,75.02,507.91,No
CUST00957,Female,0,72,No,No,84.26,5835.98,No
CUST00958,Male,1,69,Yes,DSL,27.34,2103.74,No
CUST00959,Male,0,25,Yes,Fiber optic,76.98,1827.95,No
CUST00960,Female,1,42,No,DSL,79.91,3109.95,Yes
CUST00961,Female,0,18,Yes,Fiber optic,33.58,487.45,No
CUST00962,Male,0,2,No,DSL,74.78,132.26,No
CUST00963,Male,0,65,No,Fiber optic,33.04,2565.97,No
CUST00964,Female,0,25,No,Fiber optic,60.01,1420.33,No
CUST00965,Male,0,66,Yes,No,77.42,5616.68,No
CUST00966,Male,0,44,Yes,DSL,25.4,704.1,No
CUST00967,Female,0,6,Yes,DSL,99.5,591.01,Yes
CUST00968,Female,0,54,Yes,Fiber optic,51.77,2891.31,No
CUST00969,Female,0,9,Yes,DSL,92.05,760.12,No
CUST00970,Male,0,23,Yes,Fiber optic,80.45,1681.51,Yes
CUST00971,Male,1,69,Yes,DSL,85.79,6081.7,No
CUST00972,Male,0,28,No,Fiber optic,93.87,2627.02,No
CUST00973,Female,0,3,No,DSL,85.78,233.88,Yes
CUST00974,Female,0,24,No,Fiber optic,90.3,2127.37,No
CUST00975,Female,1,10,No,Fiber optic,83.77,929.09,No
CUST00976,Female,0,61,Yes,Fiber optic,79.57,4476.82,No
CUST00977,Male,0,21,No,Fiber optic,48.41,924.93,No
CUST00978,Male,0,41,Yes,Fiber optic,97.28,3750.11,No
CUST00979,Male,0,8,Yes,DSL,90.25,650.65,No
CUST00980,Female,0,9,No,No,93.16,797.89,Yes
CUST00981,Male,0,12,Yes,DSL,25.41,213.43,No
CUST00982,Female,1,12,No,DSL,63.5,727.67,No
CUST00983,Female,0,35,Yes,DSL,69.33,,No
CUST00984,Male,0,2,Yes,Fiber optic,103.49,190.81,Yes
CUST00985,Female,0,47,No,No,23.44,1213.82,No
CUST00986,Male,0,14,No,Fiber optic,43.86,667.99,Yes
CUST00987,Female,0,64,No,DSL,94.43,6129.07,No
CUST00988,Female,1,16,Yes,Fiber optic,80.75,,Yes
CUST00989,Male,0,60,Yes,DSL,43.98,2581.24,No
CUST00990,Male,0,12,No,Fiber optic,91.52,1115.69,No
CUST00991,Male,0,71,Yes,Fiber optic,56.11,4098.85,No
CUST00992,Female,1,47,Yes,DSL,34.23,1784.71,Yes
CUST00993,Male,0,3,No,No,104.43,,No
CUST00994,Female,0,64,No,DSL,60.09,3548.98,No
CUST00995,Male,0,2,No,DSL,99.5,185.07,Yes
CUST00996,Female,1,11,Yes,DSL,81.44,855.71,Yes
CUST00997,Female,1,67,Yes,DSL,63.42,4545.59,No
CUST00998,Female,1,43,No,DSL,99.55,4684.98,No
CUST00999,Female,1,68,Yes,Fiber optic,45.85,2834.21,No
CUST01000,Female,0,9,Yes,Fiber optic,60.15,597.85,Yes
